Titulo-demo 1,Conteudo-demo 1,conteudo-opcao-demo,true,Demo-Student
Titulo-demo 2,Conteudo-demo 2,conteudo-opcao-demo,true,Demo-Student
Titulo-demo 3,Conteudo-demo 3,conteudo-opcao-demo,true,Demo-Student
Titulo-demo 4,Conteudo-demo 4,conteudo-opcao-demo,true,Demo-Student
Titulo-demo 5,Conteudo-demo 5,conteudo-opcao-demo,true,Demo-Student
Titulo-demo 6,Conteudo-demo 6,conteudo-opcao-demo,true,Demo-Student
Titulo-demo 7,Conteudo-demo 7,conteudo-opcao-demo,true,Demo-Student
Titulo-demo 8,Conteudo-demo 8,conteudo-opcao-demo,true,Demo-Student
Titulo-demo 9,Conteudo-demo 9,conteudo-opcao-demo,true,Demo-Student
Titulo-demo 10,Conteudo-demo 10,conteudo-opcao-demo,true,Demo-Student
Titulo-demo 11,Conteudo-demo 11,conteudo-opcao-demo,true,Demo-Student
Titulo-demo 12,Conteudo-demo 12,conteudo-opcao-demo,true,Demo-Student
Titulo-demo 13,Conteudo-demo 13,conteudo-opcao-demo,true,Demo-Student
Titulo-demo 14,Conteudo-demo 14,conteudo-opcao-demo,true,Demo-Student
Titulo-demo 15,Conteudo-demo 15,conteudo-opcao-demo,true,Demo-Student
Titulo-demo 16,Conteudo-demo 16,conteudo-opcao-demo,true,Demo-Student
Titulo-demo 17,Conteudo-demo 17,conteudo-opcao-demo,true,Demo-Student
Titulo-demo 18,Conteudo-demo 18,conteudo-opcao-demo,true,Demo-Student
Titulo-demo 19,Conteudo-demo 19,conteudo-opcao-demo,true,Demo-Student
Titulo-demo 20,Conteudo-demo 20,conteudo-opcao-demo,true,Demo-Student
Titulo-demo 21,Conteudo-demo 21,conteudo-opcao-demo,true,Demo-Student
Titulo-demo 22,Conteudo-demo 22,conteudo-opcao-demo,true,Demo-Student
Titulo-demo 23,Conteudo-demo 23,conteudo-opcao-demo,true,Demo-Student
Titulo-demo 24,Conteudo-demo 24,conteudo-opcao-demo,true,Demo-Student
Titulo-demo 25,Conteudo-demo 25,conteudo-opcao-demo,true,Demo-Student
Titulo-demo 26,Conteudo-demo 26,conteudo-opcao-demo,true,Demo-Student
Titulo-demo 27,Conteudo-demo 27,conteudo-opcao-demo,true,Demo-Student
Titulo-demo 28,Conteudo-demo 28,conteudo-opcao-demo,true,Demo-Student
Titulo-demo 29,Conteudo-demo 29,conteudo-opcao-demo,true,Demo-Student
Titulo-demo 30,Conteudo-demo 30,conteudo-opcao-demo,true,Demo-Student
Titulo-demo 31,Conteudo-demo 31,conteudo-opcao-demo,true,Demo-Student
Titulo-demo 32,Conteudo-demo 32,conteudo-opcao-demo,true,Demo-Student
Titulo-demo 33,Conteudo-demo 33,conteudo-opcao-demo,true,Demo-Student
Titulo-demo 34,Conteudo-demo 34,conteudo-opcao-demo,true,Demo-Student
Titulo-demo 35,Conteudo-demo 35,conteudo-opcao-demo,true,Demo-Student
Titulo-demo 36,Conteudo-demo 36,conteudo-opcao-demo,true,Demo-Student
Titulo-demo 37,Conteudo-demo 37,conteudo-opcao-demo,true,Demo-Student
Titulo-demo 38,Conteudo-demo 38,conteudo-opcao-demo,true,Demo-Student
Titulo-demo 39,Conteudo-demo 39,conteudo-opcao-demo,true,Demo-Student
Titulo-demo 40,Conteudo-demo 40,conteudo-opcao-demo,true,Demo-Student
Titulo-demo 41,Conteudo-demo 41,conteudo-opcao-demo,true,Demo-Student
Titulo-demo 42,Conteudo-demo 42,conteudo-opcao-demo,true,Demo-Student
Titulo-demo 43,Conteudo-demo 43,conteudo-opcao-demo,true,Demo-Student
Titulo-demo 44,Conteudo-demo 44,conteudo-opcao-demo,true,Demo-Student
Titulo-demo 45,Conteudo-demo 45,conteudo-opcao-demo,true,Demo-Student
Titulo-demo 46,Conteudo-demo 46,conteudo-opcao-demo,true,Demo-Student
Titulo-demo 47,Conteudo-demo 47,conteudo-opcao-demo,true,Demo-Student
Titulo-demo 48,Conteudo-demo 48,conteudo-opcao-demo,true,Demo-Student
Titulo-demo 49,Conteudo-demo 49,conteudo-opcao-demo,true,Demo-Student
Titulo-demo 50,Conteudo-demo 50,conteudo-opcao-demo,true,Demo-Student
Titulo-demo 51,Conteudo-demo 51,conteudo-opcao-demo,true,Demo-Student
Titulo-demo 52,Conteudo-demo 52,conteudo-opcao-demo,true,Demo-Student
Titulo-demo 53,Conteudo-demo 53,conteudo-opcao-demo,true,Demo-Student
Titulo-demo 54,Conteudo-demo 54,conteudo-opcao-demo,true,Demo-Student
Titulo-demo 55,Conteudo-demo 55,conteudo-opcao-demo,true,Demo-Student
Titulo-demo 56,Conteudo-demo 56,conteudo-opcao-demo,true,Demo-Student
Titulo-demo 57,Conteudo-demo 57,conteudo-opcao-demo,true,Demo-Student
Titulo-demo 58,Conteudo-demo 58,conteudo-opcao-demo,true,Demo-Student
Titulo-demo 59,Conteudo-demo 59,conteudo-opcao-demo,true,Demo-Student
Titulo-demo 60,Conteudo-demo 60,conteudo-opcao-demo,true,Demo-Student
Titulo-demo 61,Conteudo-demo 61,conteudo-opcao-demo,true,Demo-Student
Titulo-demo 62,Conteudo-demo 62,conteudo-opcao-demo,true,Demo-Student
Titulo-demo 63,Conteudo-demo 63,conteudo-opcao-demo,true,Demo-Student
Titulo-demo 64,Conteudo-demo 64,conteudo-opcao-demo,true,Demo-Student
Titulo-demo 65,Conteudo-demo 65,conteudo-opcao-demo,true,Demo-Student
Titulo-demo 66,Conteudo-demo 66,conteudo-opcao-demo,true,Demo-Student
Titulo-demo 67,Conteudo-demo 67,conteudo-opcao-demo,true,Demo-Student
Titulo-demo 68,Conteudo-demo 68,conteudo-opcao-demo,true,Demo-Student
Titulo-demo 69,Conteudo-demo 69,conteudo-opcao-demo,true,Demo-Student
Titulo-demo 70,Conteudo-demo 70,conteudo-opcao-demo,true,Demo-Student
Titulo-demo 71,Conteudo-demo 71,conteudo-opcao-demo,true,Demo-Student
Titulo-demo 72,Conteudo-demo 72,conteudo-opcao-demo,true,Demo-Student
Titulo-demo 73,Conteudo-demo 73,conteudo-opcao-demo,true,Demo-Student
Titulo-demo 74,Conteudo-demo 74,conteudo-opcao-demo,true,Demo-Student
Titulo-demo 75,Conteudo-demo 75,conteudo-opcao-demo,true,Demo-Student
Titulo-demo 76,Conteudo-demo 76,conteudo-opcao-demo,true,Demo-Student
Titulo-demo 77,Conteudo-demo 77,conteudo-opcao-demo,true,Demo-Student
Titulo-demo 78,Conteudo-demo 78,conteudo-opcao-demo,true,Demo-Student
Titulo-demo 79,Conteudo-demo 79,conteudo-opcao-demo,true,Demo-Student
Titulo-demo 80,Conteudo-demo 80,conteudo-opcao-demo,true,Demo-Student
Titulo-demo 81,Conteudo-demo 81,conteudo-opcao-demo,true,Demo-Student
Titulo-demo 82,Conteudo-demo 82,conteudo-opcao-demo,true,Demo-Student
Titulo-demo 83,Conteudo-demo 83,conteudo-opcao-demo,true,Demo-Student
Titulo-demo 84,Conteudo-demo 84,conteudo-opcao-demo,true,Demo-Student
Titulo-demo 85,Conteudo-demo 85,conteudo-opcao-demo,true,Demo-Student
Titulo-demo 86,Conteudo-demo 86,conteudo-opcao-demo,true,Demo-Student
Titulo-demo 87,Conteudo-demo 87,conteudo-opcao-demo,true,Demo-Student
Titulo-demo 88,Conteudo-demo 88,conteudo-opcao-demo,true,Demo-Student
Titulo-demo 89,Conteudo-demo 89,conteudo-opcao-demo,true,Demo-Student
Titulo-demo 90,Conteudo-demo 90,conteudo-opcao-demo,true,Demo-Student
Titulo-demo 91,Conteudo-demo 91,conteudo-opcao-demo,true,Demo-Student
Titulo-demo 92,Conteudo-demo 92,conteudo-opcao-demo,true,Demo-Student
Titulo-demo 93,Conteudo-demo 93,conteudo-opcao-demo,true,Demo-Student
Titulo-demo 94,Conteudo-demo 94,conteudo-opcao-demo,true,Demo-Student
Titulo-demo 95,Conteudo-demo 95,conteudo-opcao-demo,true,Demo-Student
Titulo-demo 96,Conteudo-demo 96,conteudo-opcao-demo,true,Demo-Student
Titulo-demo 97,Conteudo-demo 97,conteudo-opcao-demo,true,Demo-Student
Titulo-demo 98,Conteudo-demo 98,conteudo-opcao-demo,true,Demo-Student
Titulo-demo 99,Conteudo-demo 99,conteudo-opcao-demo,true,Demo-Student
Titulo-demo 100,Conteudo-demo 100,conteudo-opcao-demo,true,Demo-Student
Titulo-demo 101,Conteudo-demo 101,conteudo-opcao-demo,true,Demo-Student
Titulo-demo 102,Conteudo-demo 102,conteudo-opcao-demo,true,Demo-Student
Titulo-demo 103,Conteudo-demo 103,conteudo-opcao-demo,true,Demo-Student
Titulo-demo 104,Conteudo-demo 104,conteudo-opcao-demo,true,Demo-Student
Titulo-demo 105,Conteudo-demo 105,conteudo-opcao-demo,true,Demo-Student
Titulo-demo 106,Conteudo-demo 106,conteudo-opcao-demo,true,Demo-Student
Titulo-demo 107,Conteudo-demo 107,conteudo-opcao-demo,true,Demo-Student
Titulo-demo 108,Conteudo-demo 108,conteudo-opcao-demo,true,Demo-Student
Titulo-demo 109,Conteudo-demo 109,conteudo-opcao-demo,true,Demo-Student
Titulo-demo 110,Conteudo-demo 110,conteudo-opcao-demo,true,Demo-Student
Titulo-demo 111,Conteudo-demo 111,conteudo-opcao-demo,true,Demo-Student
Titulo-demo 112,Conteudo-demo 112,conteudo-opcao-demo,true,Demo-Student
Titulo-demo 113,Conteudo-demo 113,conteudo-opcao-demo,true,Demo-Student
Titulo-demo 114,Conteudo-demo 114,conteudo-opcao-demo,true,Demo-Student
Titulo-demo 115,Conteudo-demo 115,conteudo-opcao-demo,true,Demo-Student
Titulo-demo 116,Conteudo-demo 116,conteudo-opcao-demo,true,Demo-Student
Titulo-demo 117,Conteudo-demo 117,conteudo-opcao-demo,true,Demo-Student
Titulo-demo 118,Conteudo-demo 118,conteudo-opcao-demo,true,Demo-Student
Titulo-demo 119,Conteudo-demo 119,conteudo-opcao-demo,true,Demo-Student
Titulo-demo 120,Conteudo-demo 120,conteudo-opcao-demo,true,Demo-Student
Titulo-demo 121,Conteudo-demo 121,conteudo-opcao-demo,true,Demo-Student
Titulo-demo 122,Conteudo-demo 122,conteudo-opcao-demo,true,Demo-Student
Titulo-demo 123,Conteudo-demo 123,conteudo-opcao-demo,true,Demo-Student
Titulo-demo 124,Conteudo-demo 124,conteudo-opcao-demo,true,Demo-Student
Titulo-demo 125,Conteudo-demo 125,conteudo-opcao-demo,true,Demo-Student
Titulo-demo 126,Conteudo-demo 126,conteudo-opcao-demo,true,Demo-Student
Titulo-demo 127,Conteudo-demo 127,conteudo-opcao-demo,true,Demo-Student
Titulo-demo 128,Conteudo-demo 128,conteudo-opcao-demo,true,Demo-Student
Titulo-demo 129,Conteudo-demo 129,conteudo-opcao-demo,true,Demo-Student
Titulo-demo 130,Conteudo-demo 130,conteudo-opcao-demo,true,Demo-Student
Titulo-demo 131,Conteudo-demo 131,conteudo-opcao-demo,true,Demo-Student
Titulo-demo 132,Conteudo-demo 132,conteudo-opcao-demo,true,Demo-Student
Titulo-demo 133,Conteudo-demo 133,conteudo-opcao-demo,true,Demo-Student
Titulo-demo 134,Conteudo-demo 134,conteudo-opcao-demo,true,Demo-Student
Titulo-demo 135,Conteudo-demo 135,conteudo-opcao-demo,true,Demo-Student
Titulo-demo 136,Conteudo-demo 136,conteudo-opcao-demo,true,Demo-Student
Titulo-demo 137,Conteudo-demo 137,conteudo-opcao-demo,true,Demo-Student
Titulo-demo 138,Conteudo-demo 138,conteudo-opcao-demo,true,Demo-Student
Titulo-demo 139,Conteudo-demo 139,conteudo-opcao-demo,true,Demo-Student
Titulo-demo 140,Conteudo-demo 140,conteudo-opcao-demo,true,Demo-Student
Titulo-demo 141,Conteudo-demo 141,conteudo-opcao-demo,true,Demo-Student
Titulo-demo 142,Conteudo-demo 142,conteudo-opcao-demo,true,Demo-Student
Titulo-demo 143,Conteudo-demo 143,conteudo-opcao-demo,true,Demo-Student
Titulo-demo 144,Conteudo-demo 144,conteudo-opcao-demo,true,Demo-Student
Titulo-demo 145,Conteudo-demo 145,conteudo-opcao-demo,true,Demo-Student
Titulo-demo 146,Conteudo-demo 146,conteudo-opcao-demo,true,Demo-Student
Titulo-demo 147,Conteudo-demo 147,conteudo-opcao-demo,true,Demo-Student
Titulo-demo 148,Conteudo-demo 148,conteudo-opcao-demo,true,Demo-Student
Titulo-demo 149,Conteudo-demo 149,conteudo-opcao-demo,true,Demo-Student
Titulo-demo 150,Conteudo-demo 150,conteudo-opcao-demo,true,Demo-Student
Titulo-demo 151,Conteudo-demo 151,conteudo-opcao-demo,true,Demo-Student
Titulo-demo 152,Conteudo-demo 152,conteudo-opcao-demo,true,Demo-Student
Titulo-demo 153,Conteudo-demo 153,conteudo-opcao-demo,true,Demo-Student
Titulo-demo 154,Conteudo-demo 154,conteudo-opcao-demo,true,Demo-Student
Titulo-demo 155,Conteudo-demo 155,conteudo-opcao-demo,true,Demo-Student
Titulo-demo 156,Conteudo-demo 156,conteudo-opcao-demo,true,Demo-Student
Titulo-demo 157,Conteudo-demo 157,conteudo-opcao-demo,true,Demo-Student
Titulo-demo 158,Conteudo-demo 158,conteudo-opcao-demo,true,Demo-Student
Titulo-demo 159,Conteudo-demo 159,conteudo-opcao-demo,true,Demo-Student
Titulo-demo 160,Conteudo-demo 160,conteudo-opcao-demo,true,Demo-Student
Titulo-demo 161,Conteudo-demo 161,conteudo-opcao-demo,true,Demo-Student
Titulo-demo 162,Conteudo-demo 162,conteudo-opcao-demo,true,Demo-Student
Titulo-demo 163,Conteudo-demo 163,conteudo-opcao-demo,true,Demo-Student
Titulo-demo 164,Conteudo-demo 164,conteudo-opcao-demo,true,Demo-Student
Titulo-demo 165,Conteudo-demo 165,conteudo-opcao-demo,true,Demo-Student
Titulo-demo 166,Conteudo-demo 166,conteudo-opcao-demo,true,Demo-Student
Titulo-demo 167,Conteudo-demo 167,conteudo-opcao-demo,true,Demo-Student
Titulo-demo 168,Conteudo-demo 168,conteudo-opcao-demo,true,Demo-Student
Titulo-demo 169,Conteudo-demo 169,conteudo-opcao-demo,true,Demo-Student
Titulo-demo 170,Conteudo-demo 170,conteudo-opcao-demo,true,Demo-Student
Titulo-demo 171,Conteudo-demo 171,conteudo-opcao-demo,true,Demo-Student
Titulo-demo 172,Conteudo-demo 172,conteudo-opcao-demo,true,Demo-Student
Titulo-demo 173,Conteudo-demo 173,conteudo-opcao-demo,true,Demo-Student
Titulo-demo 174,Conteudo-demo 174,conteudo-opcao-demo,true,Demo-Student
Titulo-demo 175,Conteudo-demo 175,conteudo-opcao-demo,true,Demo-Student
Titulo-demo 176,Conteudo-demo 176,conteudo-opcao-demo,true,Demo-Student
Titulo-demo 177,Conteudo-demo 177,conteudo-opcao-demo,true,Demo-Student
Titulo-demo 178,Conteudo-demo 178,conteudo-opcao-demo,true,Demo-Student
Titulo-demo 179,Conteudo-demo 179,conteudo-opcao-demo,true,Demo-Student
Titulo-demo 180,Conteudo-demo 180,conteudo-opcao-demo,true,Demo-Student
Titulo-demo 181,Conteudo-demo 181,conteudo-opcao-demo,true,Demo-Student
Titulo-demo 182,Conteudo-demo 182,conteudo-opcao-demo,true,Demo-Student
Titulo-demo 183,Conteudo-demo 183,conteudo-opcao-demo,true,Demo-Student
Titulo-demo 184,Conteudo-demo 184,conteudo-opcao-demo,true,Demo-Student
Titulo-demo 185,Conteudo-demo 185,conteudo-opcao-demo,true,Demo-Student
Titulo-demo 186,Conteudo-demo 186,conteudo-opcao-demo,true,Demo-Student
Titulo-demo 187,Conteudo-demo 187,conteudo-opcao-demo,true,Demo-Student
Titulo-demo 188,Conteudo-demo 188,conteudo-opcao-demo,true,Demo-Student
Titulo-demo 189,Conteudo-demo 189,conteudo-opcao-demo,true,Demo-Student
Titulo-demo 190,Conteudo-demo 190,conteudo-opcao-demo,true,Demo-Student
Titulo-demo 191,Conteudo-demo 191,conteudo-opcao-demo,true,Demo-Student
Titulo-demo 192,Conteudo-demo 192,conteudo-opcao-demo,true,Demo-Student
Titulo-demo 193,Conteudo-demo 193,conteudo-opcao-demo,true,Demo-Student
Titulo-demo 194,Conteudo-demo 194,conteudo-opcao-demo,true,Demo-Student
Titulo-demo 195,Conteudo-demo 195,conteudo-opcao-demo,true,Demo-Student
Titulo-demo 196,Conteudo-demo 196,conteudo-opcao-demo,true,Demo-Student
Titulo-demo 197,Conteudo-demo 197,conteudo-opcao-demo,true,Demo-Student
Titulo-demo 198,Conteudo-demo 198,conteudo-opcao-demo,true,Demo-Student
Titulo-demo 199,Conteudo-demo 199,conteudo-opcao-demo,true,Demo-Student
Titulo-demo 200,Conteudo-demo 200,conteudo-opcao-demo,true,Demo-Student
Titulo-demo 201,Conteudo-demo 201,conteudo-opcao-demo,true,Demo-Student
Titulo-demo 202,Conteudo-demo 202,conteudo-opcao-demo,true,Demo-Student
Titulo-demo 203,Conteudo-demo 203,conteudo-opcao-demo,true,Demo-Student
Titulo-demo 204,Conteudo-demo 204,conteudo-opcao-demo,true,Demo-Student
Titulo-demo 205,Conteudo-demo 205,conteudo-opcao-demo,true,Demo-Student
Titulo-demo 206,Conteudo-demo 206,conteudo-opcao-demo,true,Demo-Student
Titulo-demo 207,Conteudo-demo 207,conteudo-opcao-demo,true,Demo-Student
Titulo-demo 208,Conteudo-demo 208,conteudo-opcao-demo,true,Demo-Student
Titulo-demo 209,Conteudo-demo 209,conteudo-opcao-demo,true,Demo-Student
Titulo-demo 210,Conteudo-demo 210,conteudo-opcao-demo,true,Demo-Student
Titulo-demo 211,Conteudo-demo 211,conteudo-opcao-demo,true,Demo-Student
Titulo-demo 212,Conteudo-demo 212,conteudo-opcao-demo,true,Demo-Student
Titulo-demo 213,Conteudo-demo 213,conteudo-opcao-demo,true,Demo-Student
Titulo-demo 214,Conteudo-demo 214,conteudo-opcao-demo,true,Demo-Student
Titulo-demo 215,Conteudo-demo 215,conteudo-opcao-demo,true,Demo-Student
Titulo-demo 216,Conteudo-demo 216,conteudo-opcao-demo,true,Demo-Student
Titulo-demo 217,Conteudo-demo 217,conteudo-opcao-demo,true,Demo-Student
Titulo-demo 218,Conteudo-demo 218,conteudo-opcao-demo,true,Demo-Student
Titulo-demo 219,Conteudo-demo 219,conteudo-opcao-demo,true,Demo-Student
Titulo-demo 220,Conteudo-demo 220,conteudo-opcao-demo,true,Demo-Student
Titulo-demo 221,Conteudo-demo 221,conteudo-opcao-demo,true,Demo-Student
Titulo-demo 222,Conteudo-demo 222,conteudo-opcao-demo,true,Demo-Student
Titulo-demo 223,Conteudo-demo 223,conteudo-opcao-demo,true,Demo-Student
Titulo-demo 224,Conteudo-demo 224,conteudo-opcao-demo,true,Demo-Student
Titulo-demo 225,Conteudo-demo 225,conteudo-opcao-demo,true,Demo-Student
Titulo-demo 226,Conteudo-demo 226,conteudo-opcao-demo,true,Demo-Student
Titulo-demo 227,Conteudo-demo 227,conteudo-opcao-demo,true,Demo-Student
Titulo-demo 228,Conteudo-demo 228,conteudo-opcao-demo,true,Demo-Student
Titulo-demo 229,Conteudo-demo 229,conteudo-opcao-demo,true,Demo-Student
Titulo-demo 230,Conteudo-demo 230,conteudo-opcao-demo,true,Demo-Student
Titulo-demo 231,Conteudo-demo 231,conteudo-opcao-demo,true,Demo-Student
Titulo-demo 232,Conteudo-demo 232,conteudo-opcao-demo,true,Demo-Student
Titulo-demo 233,Conteudo-demo 233,conteudo-opcao-demo,true,Demo-Student
Titulo-demo 234,Conteudo-demo 234,conteudo-opcao-demo,true,Demo-Student
Titulo-demo 235,Conteudo-demo 235,conteudo-opcao-demo,true,Demo-Student
Titulo-demo 236,Conteudo-demo 236,conteudo-opcao-demo,true,Demo-Student
Titulo-demo 237,Conteudo-demo 237,conteudo-opcao-demo,true,Demo-Student
Titulo-demo 238,Conteudo-demo 238,conteudo-opcao-demo,true,Demo-Student
Titulo-demo 239,Conteudo-demo 239,conteudo-opcao-demo,true,Demo-Student
Titulo-demo 240,Conteudo-demo 240,conteudo-opcao-demo,true,Demo-Student
Titulo-demo 241,Conteudo-demo 241,conteudo-opcao-demo,true,Demo-Student
Titulo-demo 242,Conteudo-demo 242,conteudo-opcao-demo,true,Demo-Student
Titulo-demo 243,Conteudo-demo 243,conteudo-opcao-demo,true,Demo-Student
Titulo-demo 244,Conteudo-demo 244,conteudo-opcao-demo,true,Demo-Student
Titulo-demo 245,Conteudo-demo 245,conteudo-opcao-demo,true,Demo-Student
Titulo-demo 246,Conteudo-demo 246,conteudo-opcao-demo,true,Demo-Student
Titulo-demo 247,Conteudo-demo 247,conteudo-opcao-demo,true,Demo-Student
Titulo-demo 248,Conteudo-demo 248,conteudo-opcao-demo,true,Demo-Student
Titulo-demo 249,Conteudo-demo 249,conteudo-opcao-demo,true,Demo-Student
Titulo-demo 250,Conteudo-demo 250,conteudo-opcao-demo,true,Demo-Student
Titulo-demo 251,Conteudo-demo 251,conteudo-opcao-demo,true,Demo-Student
Titulo-demo 252,Conteudo-demo 252,conteudo-opcao-demo,true,Demo-Student
Titulo-demo 253,Conteudo-demo 253,conteudo-opcao-demo,true,Demo-Student
Titulo-demo 254,Conteudo-demo 254,conteudo-opcao-demo,true,Demo-Student
Titulo-demo 255,Conteudo-demo 255,conteudo-opcao-demo,true,Demo-Student
Titulo-demo 256,Conteudo-demo 256,conteudo-opcao-demo,true,Demo-Student
Titulo-demo 257,Conteudo-demo 257,conteudo-opcao-demo,true,Demo-Student
Titulo-demo 258,Conteudo-demo 258,conteudo-opcao-demo,true,Demo-Student
Titulo-demo 259,Conteudo-demo 259,conteudo-opcao-demo,true,Demo-Student
Titulo-demo 260,Conteudo-demo 260,conteudo-opcao-demo,true,Demo-Student
Titulo-demo 261,Conteudo-demo 261,conteudo-opcao-demo,true,Demo-Student
Titulo-demo 262,Conteudo-demo 262,conteudo-opcao-demo,true,Demo-Student
Titulo-demo 263,Conteudo-demo 263,conteudo-opcao-demo,true,Demo-Student
Titulo-demo 264,Conteudo-demo 264,conteudo-opcao-demo,true,Demo-Student
Titulo-demo 265,Conteudo-demo 265,conteudo-opcao-demo,true,Demo-Student
Titulo-demo 266,Conteudo-demo 266,conteudo-opcao-demo,true,Demo-Student
Titulo-demo 267,Conteudo-demo 267,conteudo-opcao-demo,true,Demo-Student
Titulo-demo 268,Conteudo-demo 268,conteudo-opcao-demo,true,Demo-Student
Titulo-demo 269,Conteudo-demo 269,conteudo-opcao-demo,true,Demo-Student
Titulo-demo 270,Conteudo-demo 270,conteudo-opcao-demo,true,Demo-Student
Titulo-demo 271,Conteudo-demo 271,conteudo-opcao-demo,true,Demo-Student
Titulo-demo 272,Conteudo-demo 272,conteudo-opcao-demo,true,Demo-Student
Titulo-demo 273,Conteudo-demo 273,conteudo-opcao-demo,true,Demo-Student
Titulo-demo 274,Conteudo-demo 274,conteudo-opcao-demo,true,Demo-Student
Titulo-demo 275,Conteudo-demo 275,conteudo-opcao-demo,true,Demo-Student
Titulo-demo 276,Conteudo-demo 276,conteudo-opcao-demo,true,Demo-Student
Titulo-demo 277,Conteudo-demo 277,conteudo-opcao-demo,true,Demo-Student
Titulo-demo 278,Conteudo-demo 278,conteudo-opcao-demo,true,Demo-Student
Titulo-demo 279,Conteudo-demo 279,conteudo-opcao-demo,true,Demo-Student
Titulo-demo 280,Conteudo-demo 280,conteudo-opcao-demo,true,Demo-Student
Titulo-demo 281,Conteudo-demo 281,conteudo-opcao-demo,true,Demo-Student
Titulo-demo 282,Conteudo-demo 282,conteudo-opcao-demo,true,Demo-Student
Titulo-demo 283,Conteudo-demo 283,conteudo-opcao-demo,true,Demo-Student
Titulo-demo 284,Conteudo-demo 284,conteudo-opcao-demo,true,Demo-Student
Titulo-demo 285,Conteudo-demo 285,conteudo-opcao-demo,true,Demo-Student
Titulo-demo 286,Conteudo-demo 286,conteudo-opcao-demo,true,Demo-Student
Titulo-demo 287,Conteudo-demo 287,conteudo-opcao-demo,true,Demo-Student
Titulo-demo 288,Conteudo-demo 288,conteudo-opcao-demo,true,Demo-Student
Titulo-demo 289,Conteudo-demo 289,conteudo-opcao-demo,true,Demo-Student
Titulo-demo 290,Conteudo-demo 290,conteudo-opcao-demo,true,Demo-Student
Titulo-demo 291,Conteudo-demo 291,conteudo-opcao-demo,true,Demo-Student
Titulo-demo 292,Conteudo-demo 292,conteudo-opcao-demo,true,Demo-Student
Titulo-demo 293,Conteudo-demo 293,conteudo-opcao-demo,true,Demo-Student
Titulo-demo 294,Conteudo-demo 294,conteudo-opcao-demo,true,Demo-Student
Titulo-demo 295,Conteudo-demo 295,conteudo-opcao-demo,true,Demo-Student
Titulo-demo 296,Conteudo-demo 296,conteudo-opcao-demo,true,Demo-Student
Titulo-demo 297,Conteudo-demo 297,conteudo-opcao-demo,true,Demo-Student
Titulo-demo 298,Conteudo-demo 298,conteudo-opcao-demo,true,Demo-Student
Titulo-demo 299,Conteudo-demo 299,conteudo-opcao-demo,true,Demo-Student
Titulo-demo 300,Conteudo-demo 300,conteudo-opcao-demo,true,Demo-Student
Titulo-demo 301,Conteudo-demo 301,conteudo-opcao-demo,true,Demo-Student
Titulo-demo 302,Conteudo-demo 302,conteudo-opcao-demo,true,Demo-Student
Titulo-demo 303,Conteudo-demo 303,conteudo-opcao-demo,true,Demo-Student
Titulo-demo 304,Conteudo-demo 304,conteudo-opcao-demo,true,Demo-Student
Titulo-demo 305,Conteudo-demo 305,conteudo-opcao-demo,true,Demo-Student
Titulo-demo 306,Conteudo-demo 306,conteudo-opcao-demo,true,Demo-Student
Titulo-demo 307,Conteudo-demo 307,conteudo-opcao-demo,true,Demo-Student
Titulo-demo 308,Conteudo-demo 308,conteudo-opcao-demo,true,Demo-Student
Titulo-demo 309,Conteudo-demo 309,conteudo-opcao-demo,true,Demo-Student
Titulo-demo 310,Conteudo-demo 310,conteudo-opcao-demo,true,Demo-Student
Titulo-demo 311,Conteudo-demo 311,conteudo-opcao-demo,true,Demo-Student
Titulo-demo 312,Conteudo-demo 312,conteudo-opcao-demo,true,Demo-Student
Titulo-demo 313,Conteudo-demo 313,conteudo-opcao-demo,true,Demo-Student
Titulo-demo 314,Conteudo-demo 314,conteudo-opcao-demo,true,Demo-Student
Titulo-demo 315,Conteudo-demo 315,conteudo-opcao-demo,true,Demo-Student
Titulo-demo 316,Conteudo-demo 316,conteudo-opcao-demo,true,Demo-Student
Titulo-demo 317,Conteudo-demo 317,conteudo-opcao-demo,true,Demo-Student
Titulo-demo 318,Conteudo-demo 318,conteudo-opcao-demo,true,Demo-Student
Titulo-demo 319,Conteudo-demo 319,conteudo-opcao-demo,true,Demo-Student
Titulo-demo 320,Conteudo-demo 320,conteudo-opcao-demo,true,Demo-Student
Titulo-demo 321,Conteudo-demo 321,conteudo-opcao-demo,true,Demo-Student
Titulo-demo 322,Conteudo-demo 322,conteudo-opcao-demo,true,Demo-Student
Titulo-demo 323,Conteudo-demo 323,conteudo-opcao-demo,true,Demo-Student
Titulo-demo 324,Conteudo-demo 324,conteudo-opcao-demo,true,Demo-Student
Titulo-demo 325,Conteudo-demo 325,conteudo-opcao-demo,true,Demo-Student
Titulo-demo 326,Conteudo-demo 326,conteudo-opcao-demo,true,Demo-Student
Titulo-demo 327,Conteudo-demo 327,conteudo-opcao-demo,true,Demo-Student
Titulo-demo 328,Conteudo-demo 328,conteudo-opcao-demo,true,Demo-Student
Titulo-demo 329,Conteudo-demo 329,conteudo-opcao-demo,true,Demo-Student
Titulo-demo 330,Conteudo-demo 330,conteudo-opcao-demo,true,Demo-Student
Titulo-demo 331,Conteudo-demo 331,conteudo-opcao-demo,true,Demo-Student
Titulo-demo 332,Conteudo-demo 332,conteudo-opcao-demo,true,Demo-Student
Titulo-demo 333,Conteudo-demo 333,conteudo-opcao-demo,true,Demo-Student
Titulo-demo 334,Conteudo-demo 334,conteudo-opcao-demo,true,Demo-Student
Titulo-demo 335,Conteudo-demo 335,conteudo-opcao-demo,true,Demo-Student
Titulo-demo 336,Conteudo-demo 336,conteudo-opcao-demo,true,Demo-Student
Titulo-demo 337,Conteudo-demo 337,conteudo-opcao-demo,true,Demo-Student
Titulo-demo 338,Conteudo-demo 338,conteudo-opcao-demo,true,Demo-Student
Titulo-demo 339,Conteudo-demo 339,conteudo-opcao-demo,true,Demo-Student
Titulo-demo 340,Conteudo-demo 340,conteudo-opcao-demo,true,Demo-Student
Titulo-demo 341,Conteudo-demo 341,conteudo-opcao-demo,true,Demo-Student
Titulo-demo 342,Conteudo-demo 342,conteudo-opcao-demo,true,Demo-Student
Titulo-demo 343,Conteudo-demo 343,conteudo-opcao-demo,true,Demo-Student
Titulo-demo 344,Conteudo-demo 344,conteudo-opcao-demo,true,Demo-Student
Titulo-demo 345,Conteudo-demo 345,conteudo-opcao-demo,true,Demo-Student
Titulo-demo 346,Conteudo-demo 346,conteudo-opcao-demo,true,Demo-Student
Titulo-demo 347,Conteudo-demo 347,conteudo-opcao-demo,true,Demo-Student
Titulo-demo 348,Conteudo-demo 348,conteudo-opcao-demo,true,Demo-Student
Titulo-demo 349,Conteudo-demo 349,conteudo-opcao-demo,true,Demo-Student
Titulo-demo 350,Conteudo-demo 350,conteudo-opcao-demo,true,Demo-Student
Titulo-demo 351,Conteudo-demo 351,conteudo-opcao-demo,true,Demo-Student
Titulo-demo 352,Conteudo-demo 352,conteudo-opcao-demo,true,Demo-Student
Titulo-demo 353,Conteudo-demo 353,conteudo-opcao-demo,true,Demo-Student
Titulo-demo 354,Conteudo-demo 354,conteudo-opcao-demo,true,Demo-Student
Titulo-demo 355,Conteudo-demo 355,conteudo-opcao-demo,true,Demo-Student
Titulo-demo 356,Conteudo-demo 356,conteudo-opcao-demo,true,Demo-Student
Titulo-demo 357,Conteudo-demo 357,conteudo-opcao-demo,true,Demo-Student
Titulo-demo 358,Conteudo-demo 358,conteudo-opcao-demo,true,Demo-Student
Titulo-demo 359,Conteudo-demo 359,conteudo-opcao-demo,true,Demo-Student
Titulo-demo 360,Conteudo-demo 360,conteudo-opcao-demo,true,Demo-Student
Titulo-demo 361,Conteudo-demo 361,conteudo-opcao-demo,true,Demo-Student
Titulo-demo 362,Conteudo-demo 362,conteudo-opcao-demo,true,Demo-Student
Titulo-demo 363,Conteudo-demo 363,conteudo-opcao-demo,true,Demo-Student
Titulo-demo 364,Conteudo-demo 364,conteudo-opcao-demo,true,Demo-Student
Titulo-demo 365,Conteudo-demo 365,conteudo-opcao-demo,true,Demo-Student
Titulo-demo 366,Conteudo-demo 366,conteudo-opcao-demo,true,Demo-Student
Titulo-demo 367,Conteudo-demo 367,conteudo-opcao-demo,true,Demo-Student
Titulo-demo 368,Conteudo-demo 368,conteudo-opcao-demo,true,Demo-Student
Titulo-demo 369,Conteudo-demo 369,conteudo-opcao-demo,true,Demo-Student
Titulo-demo 370,Conteudo-demo 370,conteudo-opcao-demo,true,Demo-Student
Titulo-demo 371,Conteudo-demo 371,conteudo-opcao-demo,true,Demo-Student
Titulo-demo 372,Conteudo-demo 372,conteudo-opcao-demo,true,Demo-Student
Titulo-demo 373,Conteudo-demo 373,conteudo-opcao-demo,true,Demo-Student
Titulo-demo 374,Conteudo-demo 374,conteudo-opcao-demo,true,Demo-Student
Titulo-demo 375,Conteudo-demo 375,conteudo-opcao-demo,true,Demo-Student
Titulo-demo 376,Conteudo-demo 376,conteudo-opcao-demo,true,Demo-Student
Titulo-demo 377,Conteudo-demo 377,conteudo-opcao-demo,true,Demo-Student
Titulo-demo 378,Conteudo-demo 378,conteudo-opcao-demo,true,Demo-Student
Titulo-demo 379,Conteudo-demo 379,conteudo-opcao-demo,true,Demo-Student
Titulo-demo 380,Conteudo-demo 380,conteudo-opcao-demo,true,Demo-Student
Titulo-demo 381,Conteudo-demo 381,conteudo-opcao-demo,true,Demo-Student
Titulo-demo 382,Conteudo-demo 382,conteudo-opcao-demo,true,Demo-Student
Titulo-demo 383,Conteudo-demo 383,conteudo-opcao-demo,true,Demo-Student
Titulo-demo 384,Conteudo-demo 384,conteudo-opcao-demo,true,Demo-Student
Titulo-demo 385,Conteudo-demo 385,conteudo-opcao-demo,true,Demo-Student
Titulo-demo 386,Conteudo-demo 386,conteudo-opcao-demo,true,Demo-Student
Titulo-demo 387,Conteudo-demo 387,conteudo-opcao-demo,true,Demo-Student
Titulo-demo 388,Conteudo-demo 388,conteudo-opcao-demo,true,Demo-Student
Titulo-demo 389,Conteudo-demo 389,conteudo-opcao-demo,true,Demo-Student
Titulo-demo 390,Conteudo-demo 390,conteudo-opcao-demo,true,Demo-Student
Titulo-demo 391,Conteudo-demo 391,conteudo-opcao-demo,true,Demo-Student
Titulo-demo 392,Conteudo-demo 392,conteudo-opcao-demo,true,Demo-Student
Titulo-demo 393,Conteudo-demo 393,conteudo-opcao-demo,true,Demo-Student
Titulo-demo 394,Conteudo-demo 394,conteudo-opcao-demo,true,Demo-Student
Titulo-demo 395,Conteudo-demo 395,conteudo-opcao-demo,true,Demo-Student
Titulo-demo 396,Conteudo-demo 396,conteudo-opcao-demo,true,Demo-Student
Titulo-demo 397,Conteudo-demo 397,conteudo-opcao-demo,true,Demo-Student
Titulo-demo 398,Conteudo-demo 398,conteudo-opcao-demo,true,Demo-Student
Titulo-demo 399,Conteudo-demo 399,conteudo-opcao-demo,true,Demo-Student
Titulo-demo 400,Conteudo-demo 400,conteudo-opcao-demo,true,Demo-Student
Titulo-demo 401,Conteudo-demo 401,conteudo-opcao-demo,true,Demo-Student
Titulo-demo 402,Conteudo-demo 402,conteudo-opcao-demo,true,Demo-Student
Titulo-demo 403,Conteudo-demo 403,conteudo-opcao-demo,true,Demo-Student
Titulo-demo 404,Conteudo-demo 404,conteudo-opcao-demo,true,Demo-Student
Titulo-demo 405,Conteudo-demo 405,conteudo-opcao-demo,true,Demo-Student
Titulo-demo 406,Conteudo-demo 406,conteudo-opcao-demo,true,Demo-Student
Titulo-demo 407,Conteudo-demo 407,conteudo-opcao-demo,true,Demo-Student
Titulo-demo 408,Conteudo-demo 408,conteudo-opcao-demo,true,Demo-Student
Titulo-demo 409,Conteudo-demo 409,conteudo-opcao-demo,true,Demo-Student
Titulo-demo 410,Conteudo-demo 410,conteudo-opcao-demo,true,Demo-Student
Titulo-demo 411,Conteudo-demo 411,conteudo-opcao-demo,true,Demo-Student
Titulo-demo 412,Conteudo-demo 412,conteudo-opcao-demo,true,Demo-Student
Titulo-demo 413,Conteudo-demo 413,conteudo-opcao-demo,true,Demo-Student
Titulo-demo 414,Conteudo-demo 414,conteudo-opcao-demo,true,Demo-Student
Titulo-demo 415,Conteudo-demo 415,conteudo-opcao-demo,true,Demo-Student
Titulo-demo 416,Conteudo-demo 416,conteudo-opcao-demo,true,Demo-Student
Titulo-demo 417,Conteudo-demo 417,conteudo-opcao-demo,true,Demo-Student
Titulo-demo 418,Conteudo-demo 418,conteudo-opcao-demo,true,Demo-Student
Titulo-demo 419,Conteudo-demo 419,conteudo-opcao-demo,true,Demo-Student
Titulo-demo 420,Conteudo-demo 420,conteudo-opcao-demo,true,Demo-Student
Titulo-demo 421,Conteudo-demo 421,conteudo-opcao-demo,true,Demo-Student
Titulo-demo 422,Conteudo-demo 422,conteudo-opcao-demo,true,Demo-Student
Titulo-demo 423,Conteudo-demo 423,conteudo-opcao-demo,true,Demo-Student
Titulo-demo 424,Conteudo-demo 424,conteudo-opcao-demo,true,Demo-Student
Titulo-demo 425,Conteudo-demo 425,conteudo-opcao-demo,true,Demo-Student
Titulo-demo 426,Conteudo-demo 426,conteudo-opcao-demo,true,Demo-Student
Titulo-demo 427,Conteudo-demo 427,conteudo-opcao-demo,true,Demo-Student
Titulo-demo 428,Conteudo-demo 428,conteudo-opcao-demo,true,Demo-Student
Titulo-demo 429,Conteudo-demo 429,conteudo-opcao-demo,true,Demo-Student
Titulo-demo 430,Conteudo-demo 430,conteudo-opcao-demo,true,Demo-Student
Titulo-demo 431,Conteudo-demo 431,conteudo-opcao-demo,true,Demo-Student
Titulo-demo 432,Conteudo-demo 432,conteudo-opcao-demo,true,Demo-Student
Titulo-demo 433,Conteudo-demo 433,conteudo-opcao-demo,true,Demo-Student
Titulo-demo 434,Conteudo-demo 434,conteudo-opcao-demo,true,Demo-Student
Titulo-demo 435,Conteudo-demo 435,conteudo-opcao-demo,true,Demo-Student
Titulo-demo 436,Conteudo-demo 436,conteudo-opcao-demo,true,Demo-Student
Titulo-demo 437,Conteudo-demo 437,conteudo-opcao-demo,true,Demo-Student
Titulo-demo 438,Conteudo-demo 438,conteudo-opcao-demo,true,Demo-Student
Titulo-demo 439,Conteudo-demo 439,conteudo-opcao-demo,true,Demo-Student
Titulo-demo 440,Conteudo-demo 440,conteudo-opcao-demo,true,Demo-Student
Titulo-demo 441,Conteudo-demo 441,conteudo-opcao-demo,true,Demo-Student
Titulo-demo 442,Conteudo-demo 442,conteudo-opcao-demo,true,Demo-Student
Titulo-demo 443,Conteudo-demo 443,conteudo-opcao-demo,true,Demo-Student
Titulo-demo 444,Conteudo-demo 444,conteudo-opcao-demo,true,Demo-Student
Titulo-demo 445,Conteudo-demo 445,conteudo-opcao-demo,true,Demo-Student
Titulo-demo 446,Conteudo-demo 446,conteudo-opcao-demo,true,Demo-Student
Titulo-demo 447,Conteudo-demo 447,conteudo-opcao-demo,true,Demo-Student
Titulo-demo 448,Conteudo-demo 448,conteudo-opcao-demo,true,Demo-Student
Titulo-demo 449,Conteudo-demo 449,conteudo-opcao-demo,true,Demo-Student
Titulo-demo 450,Conteudo-demo 450,conteudo-opcao-demo,true,Demo-Student
Titulo-demo 451,Conteudo-demo 451,conteudo-opcao-demo,true,Demo-Student
Titulo-demo 452,Conteudo-demo 452,conteudo-opcao-demo,true,Demo-Student
Titulo-demo 453,Conteudo-demo 453,conteudo-opcao-demo,true,Demo-Student
Titulo-demo 454,Conteudo-demo 454,conteudo-opcao-demo,true,Demo-Student
Titulo-demo 455,Conteudo-demo 455,conteudo-opcao-demo,true,Demo-Student
Titulo-demo 456,Conteudo-demo 456,conteudo-opcao-demo,true,Demo-Student
Titulo-demo 457,Conteudo-demo 457,conteudo-opcao-demo,true,Demo-Student
Titulo-demo 458,Conteudo-demo 458,conteudo-opcao-demo,true,Demo-Student
Titulo-demo 459,Conteudo-demo 459,conteudo-opcao-demo,true,Demo-Student
Titulo-demo 460,Conteudo-demo 460,conteudo-opcao-demo,true,Demo-Student
Titulo-demo 461,Conteudo-demo 461,conteudo-opcao-demo,true,Demo-Student
Titulo-demo 462,Conteudo-demo 462,conteudo-opcao-demo,true,Demo-Student
Titulo-demo 463,Conteudo-demo 463,conteudo-opcao-demo,true,Demo-Student
Titulo-demo 464,Conteudo-demo 464,conteudo-opcao-demo,true,Demo-Student
Titulo-demo 465,Conteudo-demo 465,conteudo-opcao-demo,true,Demo-Student
Titulo-demo 466,Conteudo-demo 466,conteudo-opcao-demo,true,Demo-Student
Titulo-demo 467,Conteudo-demo 467,conteudo-opcao-demo,true,Demo-Student
Titulo-demo 468,Conteudo-demo 468,conteudo-opcao-demo,true,Demo-Student
Titulo-demo 469,Conteudo-demo 469,conteudo-opcao-demo,true,Demo-Student
Titulo-demo 470,Conteudo-demo 470,conteudo-opcao-demo,true,Demo-Student
Titulo-demo 471,Conteudo-demo 471,conteudo-opcao-demo,true,Demo-Student
Titulo-demo 472,Conteudo-demo 472,conteudo-opcao-demo,true,Demo-Student
Titulo-demo 473,Conteudo-demo 473,conteudo-opcao-demo,true,Demo-Student
Titulo-demo 474,Conteudo-demo 474,conteudo-opcao-demo,true,Demo-Student
Titulo-demo 475,Conteudo-demo 475,conteudo-opcao-demo,true,Demo-Student
Titulo-demo 476,Conteudo-demo 476,conteudo-opcao-demo,true,Demo-Student
Titulo-demo 477,Conteudo-demo 477,conteudo-opcao-demo,true,Demo-Student
Titulo-demo 478,Conteudo-demo 478,conteudo-opcao-demo,true,Demo-Student
Titulo-demo 479,Conteudo-demo 479,conteudo-opcao-demo,true,Demo-Student
Titulo-demo 480,Conteudo-demo 480,conteudo-opcao-demo,true,Demo-Student
Titulo-demo 481,Conteudo-demo 481,conteudo-opcao-demo,true,Demo-Student
Titulo-demo 482,Conteudo-demo 482,conteudo-opcao-demo,true,Demo-Student
Titulo-demo 483,Conteudo-demo 483,conteudo-opcao-demo,true,Demo-Student
Titulo-demo 484,Conteudo-demo 484,conteudo-opcao-demo,true,Demo-Student
Titulo-demo 485,Conteudo-demo 485,conteudo-opcao-demo,true,Demo-Student
Titulo-demo 486,Conteudo-demo 486,conteudo-opcao-demo,true,Demo-Student
Titulo-demo 487,Conteudo-demo 487,conteudo-opcao-demo,true,Demo-Student
Titulo-demo 488,Conteudo-demo 488,conteudo-opcao-demo,true,Demo-Student
Titulo-demo 489,Conteudo-demo 489,conteudo-opcao-demo,true,Demo-Student
Titulo-demo 490,Conteudo-demo 490,conteudo-opcao-demo,true,Demo-Student
Titulo-demo 491,Conteudo-demo 491,conteudo-opcao-demo,true,Demo-Student
Titulo-demo 492,Conteudo-demo 492,conteudo-opcao-demo,true,Demo-Student
Titulo-demo 493,Conteudo-demo 493,conteudo-opcao-demo,true,Demo-Student
Titulo-demo 494,Conteudo-demo 494,conteudo-opcao-demo,true,Demo-Student
Titulo-demo 495,Conteudo-demo 495,conteudo-opcao-demo,true,Demo-Student
Titulo-demo 496,Conteudo-demo 496,conteudo-opcao-demo,true,Demo-Student
Titulo-demo 497,Conteudo-demo 497,conteudo-opcao-demo,true,Demo-Student
Titulo-demo 498,Conteudo-demo 498,conteudo-opcao-demo,true,Demo-Student
Titulo-demo 499,Conteudo-demo 499,conteudo-opcao-demo,true,Demo-Student
Titulo-demo 500,Conteudo-demo 500,conteudo-opcao-demo,true,Demo-Student
Titulo-demo 501,Conteudo-demo 501,conteudo-opcao-demo,true,Demo-Student
Titulo-demo 502,Conteudo-demo 502,conteudo-opcao-demo,true,Demo-Student
Titulo-demo 503,Conteudo-demo 503,conteudo-opcao-demo,true,Demo-Student
Titulo-demo 504,Conteudo-demo 504,conteudo-opcao-demo,true,Demo-Student
Titulo-demo 505,Conteudo-demo 505,conteudo-opcao-demo,true,Demo-Student
Titulo-demo 506,Conteudo-demo 506,conteudo-opcao-demo,true,Demo-Student
Titulo-demo 507,Conteudo-demo 507,conteudo-opcao-demo,true,Demo-Student
Titulo-demo 508,Conteudo-demo 508,conteudo-opcao-demo,true,Demo-Student
Titulo-demo 509,Conteudo-demo 509,conteudo-opcao-demo,true,Demo-Student
Titulo-demo 510,Conteudo-demo 510,conteudo-opcao-demo,true,Demo-Student
Titulo-demo 511,Conteudo-demo 511,conteudo-opcao-demo,true,Demo-Student
Titulo-demo 512,Conteudo-demo 512,conteudo-opcao-demo,true,Demo-Student
Titulo-demo 513,Conteudo-demo 513,conteudo-opcao-demo,true,Demo-Student
Titulo-demo 514,Conteudo-demo 514,conteudo-opcao-demo,true,Demo-Student
Titulo-demo 515,Conteudo-demo 515,conteudo-opcao-demo,true,Demo-Student
Titulo-demo 516,Conteudo-demo 516,conteudo-opcao-demo,true,Demo-Student
Titulo-demo 517,Conteudo-demo 517,conteudo-opcao-demo,true,Demo-Student
Titulo-demo 518,Conteudo-demo 518,conteudo-opcao-demo,true,Demo-Student
Titulo-demo 519,Conteudo-demo 519,conteudo-opcao-demo,true,Demo-Student
Titulo-demo 520,Conteudo-demo 520,conteudo-opcao-demo,true,Demo-Student
Titulo-demo 521,Conteudo-demo 521,conteudo-opcao-demo,true,Demo-Student
Titulo-demo 522,Conteudo-demo 522,conteudo-opcao-demo,true,Demo-Student
Titulo-demo 523,Conteudo-demo 523,conteudo-opcao-demo,true,Demo-Student
Titulo-demo 524,Conteudo-demo 524,conteudo-opcao-demo,true,Demo-Student
Titulo-demo 525,Conteudo-demo 525,conteudo-opcao-demo,true,Demo-Student
Titulo-demo 526,Conteudo-demo 526,conteudo-opcao-demo,true,Demo-Student
Titulo-demo 527,Conteudo-demo 527,conteudo-opcao-demo,true,Demo-Student
Titulo-demo 528,Conteudo-demo 528,conteudo-opcao-demo,true,Demo-Student
Titulo-demo 529,Conteudo-demo 529,conteudo-opcao-demo,true,Demo-Student
Titulo-demo 530,Conteudo-demo 530,conteudo-opcao-demo,true,Demo-Student
Titulo-demo 531,Conteudo-demo 531,conteudo-opcao-demo,true,Demo-Student
Titulo-demo 532,Conteudo-demo 532,conteudo-opcao-demo,true,Demo-Student
Titulo-demo 533,Conteudo-demo 533,conteudo-opcao-demo,true,Demo-Student
Titulo-demo 534,Conteudo-demo 534,conteudo-opcao-demo,true,Demo-Student
Titulo-demo 535,Conteudo-demo 535,conteudo-opcao-demo,true,Demo-Student
Titulo-demo 536,Conteudo-demo 536,conteudo-opcao-demo,true,Demo-Student
Titulo-demo 537,Conteudo-demo 537,conteudo-opcao-demo,true,Demo-Student
Titulo-demo 538,Conteudo-demo 538,conteudo-opcao-demo,true,Demo-Student
Titulo-demo 539,Conteudo-demo 539,conteudo-opcao-demo,true,Demo-Student
Titulo-demo 540,Conteudo-demo 540,conteudo-opcao-demo,true,Demo-Student
Titulo-demo 541,Conteudo-demo 541,conteudo-opcao-demo,true,Demo-Student
Titulo-demo 542,Conteudo-demo 542,conteudo-opcao-demo,true,Demo-Student
Titulo-demo 543,Conteudo-demo 543,conteudo-opcao-demo,true,Demo-Student
Titulo-demo 544,Conteudo-demo 544,conteudo-opcao-demo,true,Demo-Student
Titulo-demo 545,Conteudo-demo 545,conteudo-opcao-demo,true,Demo-Student
Titulo-demo 546,Conteudo-demo 546,conteudo-opcao-demo,true,Demo-Student
Titulo-demo 547,Conteudo-demo 547,conteudo-opcao-demo,true,Demo-Student
Titulo-demo 548,Conteudo-demo 548,conteudo-opcao-demo,true,Demo-Student
Titulo-demo 549,Conteudo-demo 549,conteudo-opcao-demo,true,Demo-Student
Titulo-demo 550,Conteudo-demo 550,conteudo-opcao-demo,true,Demo-Student
Titulo-demo 551,Conteudo-demo 551,conteudo-opcao-demo,true,Demo-Student
Titulo-demo 552,Conteudo-demo 552,conteudo-opcao-demo,true,Demo-Student
Titulo-demo 553,Conteudo-demo 553,conteudo-opcao-demo,true,Demo-Student
Titulo-demo 554,Conteudo-demo 554,conteudo-opcao-demo,true,Demo-Student
Titulo-demo 555,Conteudo-demo 555,conteudo-opcao-demo,true,Demo-Student
Titulo-demo 556,Conteudo-demo 556,conteudo-opcao-demo,true,Demo-Student
Titulo-demo 557,Conteudo-demo 557,conteudo-opcao-demo,true,Demo-Student
Titulo-demo 558,Conteudo-demo 558,conteudo-opcao-demo,true,Demo-Student
Titulo-demo 559,Conteudo-demo 559,conteudo-opcao-demo,true,Demo-Student
Titulo-demo 560,Conteudo-demo 560,conteudo-opcao-demo,true,Demo-Student
Titulo-demo 561,Conteudo-demo 561,conteudo-opcao-demo,true,Demo-Student
Titulo-demo 562,Conteudo-demo 562,conteudo-opcao-demo,true,Demo-Student
Titulo-demo 563,Conteudo-demo 563,conteudo-opcao-demo,true,Demo-Student
Titulo-demo 564,Conteudo-demo 564,conteudo-opcao-demo,true,Demo-Student
Titulo-demo 565,Conteudo-demo 565,conteudo-opcao-demo,true,Demo-Student
Titulo-demo 566,Conteudo-demo 566,conteudo-opcao-demo,true,Demo-Student
Titulo-demo 567,Conteudo-demo 567,conteudo-opcao-demo,true,Demo-Student
Titulo-demo 568,Conteudo-demo 568,conteudo-opcao-demo,true,Demo-Student
Titulo-demo 569,Conteudo-demo 569,conteudo-opcao-demo,true,Demo-Student
Titulo-demo 570,Conteudo-demo 570,conteudo-opcao-demo,true,Demo-Student
Titulo-demo 571,Conteudo-demo 571,conteudo-opcao-demo,true,Demo-Student
Titulo-demo 572,Conteudo-demo 572,conteudo-opcao-demo,true,Demo-Student
Titulo-demo 573,Conteudo-demo 573,conteudo-opcao-demo,true,Demo-Student
Titulo-demo 574,Conteudo-demo 574,conteudo-opcao-demo,true,Demo-Student
Titulo-demo 575,Conteudo-demo 575,conteudo-opcao-demo,true,Demo-Student
Titulo-demo 576,Conteudo-demo 576,conteudo-opcao-demo,true,Demo-Student
Titulo-demo 577,Conteudo-demo 577,conteudo-opcao-demo,true,Demo-Student
Titulo-demo 578,Conteudo-demo 578,conteudo-opcao-demo,true,Demo-Student
Titulo-demo 579,Conteudo-demo 579,conteudo-opcao-demo,true,Demo-Student
Titulo-demo 580,Conteudo-demo 580,conteudo-opcao-demo,true,Demo-Student
Titulo-demo 581,Conteudo-demo 581,conteudo-opcao-demo,true,Demo-Student
Titulo-demo 582,Conteudo-demo 582,conteudo-opcao-demo,true,Demo-Student
Titulo-demo 583,Conteudo-demo 583,conteudo-opcao-demo,true,Demo-Student
Titulo-demo 584,Conteudo-demo 584,conteudo-opcao-demo,true,Demo-Student
Titulo-demo 585,Conteudo-demo 585,conteudo-opcao-demo,true,Demo-Student
Titulo-demo 586,Conteudo-demo 586,conteudo-opcao-demo,true,Demo-Student
Titulo-demo 587,Conteudo-demo 587,conteudo-opcao-demo,true,Demo-Student
Titulo-demo 588,Conteudo-demo 588,conteudo-opcao-demo,true,Demo-Student
Titulo-demo 589,Conteudo-demo 589,conteudo-opcao-demo,true,Demo-Student
Titulo-demo 590,Conteudo-demo 590,conteudo-opcao-demo,true,Demo-Student
Titulo-demo 591,Conteudo-demo 591,conteudo-opcao-demo,true,Demo-Student
Titulo-demo 592,Conteudo-demo 592,conteudo-opcao-demo,true,Demo-Student
Titulo-demo 593,Conteudo-demo 593,conteudo-opcao-demo,true,Demo-Student
Titulo-demo 594,Conteudo-demo 594,conteudo-opcao-demo,true,Demo-Student
Titulo-demo 595,Conteudo-demo 595,conteudo-opcao-demo,true,Demo-Student
Titulo-demo 596,Conteudo-demo 596,conteudo-opcao-demo,true,Demo-Student
Titulo-demo 597,Conteudo-demo 597,conteudo-opcao-demo,true,Demo-Student
Titulo-demo 598,Conteudo-demo 598,conteudo-opcao-demo,true,Demo-Student
Titulo-demo 599,Conteudo-demo 599,conteudo-opcao-demo,true,Demo-Student
Titulo-demo 600,Conteudo-demo 600,conteudo-opcao-demo,true,Demo-Student
Titulo-demo 601,Conteudo-demo 601,conteudo-opcao-demo,true,Demo-Student
Titulo-demo 602,Conteudo-demo 602,conteudo-opcao-demo,true,Demo-Student
Titulo-demo 603,Conteudo-demo 603,conteudo-opcao-demo,true,Demo-Student
Titulo-demo 604,Conteudo-demo 604,conteudo-opcao-demo,true,Demo-Student
Titulo-demo 605,Conteudo-demo 605,conteudo-opcao-demo,true,Demo-Student
Titulo-demo 606,Conteudo-demo 606,conteudo-opcao-demo,true,Demo-Student
Titulo-demo 607,Conteudo-demo 607,conteudo-opcao-demo,true,Demo-Student
Titulo-demo 608,Conteudo-demo 608,conteudo-opcao-demo,true,Demo-Student
Titulo-demo 609,Conteudo-demo 609,conteudo-opcao-demo,true,Demo-Student
Titulo-demo 610,Conteudo-demo 610,conteudo-opcao-demo,true,Demo-Student
Titulo-demo 611,Conteudo-demo 611,conteudo-opcao-demo,true,Demo-Student
Titulo-demo 612,Conteudo-demo 612,conteudo-opcao-demo,true,Demo-Student
Titulo-demo 613,Conteudo-demo 613,conteudo-opcao-demo,true,Demo-Student
Titulo-demo 614,Conteudo-demo 614,conteudo-opcao-demo,true,Demo-Student
Titulo-demo 615,Conteudo-demo 615,conteudo-opcao-demo,true,Demo-Student
Titulo-demo 616,Conteudo-demo 616,conteudo-opcao-demo,true,Demo-Student
Titulo-demo 617,Conteudo-demo 617,conteudo-opcao-demo,true,Demo-Student
Titulo-demo 618,Conteudo-demo 618,conteudo-opcao-demo,true,Demo-Student
Titulo-demo 619,Conteudo-demo 619,conteudo-opcao-demo,true,Demo-Student
Titulo-demo 620,Conteudo-demo 620,conteudo-opcao-demo,true,Demo-Student
Titulo-demo 621,Conteudo-demo 621,conteudo-opcao-demo,true,Demo-Student
Titulo-demo 622,Conteudo-demo 622,conteudo-opcao-demo,true,Demo-Student
Titulo-demo 623,Conteudo-demo 623,conteudo-opcao-demo,true,Demo-Student
Titulo-demo 624,Conteudo-demo 624,conteudo-opcao-demo,true,Demo-Student
Titulo-demo 625,Conteudo-demo 625,conteudo-opcao-demo,true,Demo-Student
Titulo-demo 626,Conteudo-demo 626,conteudo-opcao-demo,true,Demo-Student
Titulo-demo 627,Conteudo-demo 627,conteudo-opcao-demo,true,Demo-Student
Titulo-demo 628,Conteudo-demo 628,conteudo-opcao-demo,true,Demo-Student
Titulo-demo 629,Conteudo-demo 629,conteudo-opcao-demo,true,Demo-Student
Titulo-demo 630,Conteudo-demo 630,conteudo-opcao-demo,true,Demo-Student
Titulo-demo 631,Conteudo-demo 631,conteudo-opcao-demo,true,Demo-Student
Titulo-demo 632,Conteudo-demo 632,conteudo-opcao-demo,true,Demo-Student
Titulo-demo 633,Conteudo-demo 633,conteudo-opcao-demo,true,Demo-Student
Titulo-demo 634,Conteudo-demo 634,conteudo-opcao-demo,true,Demo-Student
Titulo-demo 635,Conteudo-demo 635,conteudo-opcao-demo,true,Demo-Student
Titulo-demo 636,Conteudo-demo 636,conteudo-opcao-demo,true,Demo-Student
Titulo-demo 637,Conteudo-demo 637,conteudo-opcao-demo,true,Demo-Student
Titulo-demo 638,Conteudo-demo 638,conteudo-opcao-demo,true,Demo-Student
Titulo-demo 639,Conteudo-demo 639,conteudo-opcao-demo,true,Demo-Student
Titulo-demo 640,Conteudo-demo 640,conteudo-opcao-demo,true,Demo-Student
Titulo-demo 641,Conteudo-demo 641,conteudo-opcao-demo,true,Demo-Student
Titulo-demo 642,Conteudo-demo 642,conteudo-opcao-demo,true,Demo-Student
Titulo-demo 643,Conteudo-demo 643,conteudo-opcao-demo,true,Demo-Student
Titulo-demo 644,Conteudo-demo 644,conteudo-opcao-demo,true,Demo-Student
Titulo-demo 645,Conteudo-demo 645,conteudo-opcao-demo,true,Demo-Student
Titulo-demo 646,Conteudo-demo 646,conteudo-opcao-demo,true,Demo-Student
Titulo-demo 647,Conteudo-demo 647,conteudo-opcao-demo,true,Demo-Student
Titulo-demo 648,Conteudo-demo 648,conteudo-opcao-demo,true,Demo-Student
Titulo-demo 649,Conteudo-demo 649,conteudo-opcao-demo,true,Demo-Student
Titulo-demo 650,Conteudo-demo 650,conteudo-opcao-demo,true,Demo-Student
Titulo-demo 651,Conteudo-demo 651,conteudo-opcao-demo,true,Demo-Student
Titulo-demo 652,Conteudo-demo 652,conteudo-opcao-demo,true,Demo-Student
Titulo-demo 653,Conteudo-demo 653,conteudo-opcao-demo,true,Demo-Student
Titulo-demo 654,Conteudo-demo 654,conteudo-opcao-demo,true,Demo-Student
Titulo-demo 655,Conteudo-demo 655,conteudo-opcao-demo,true,Demo-Student
Titulo-demo 656,Conteudo-demo 656,conteudo-opcao-demo,true,Demo-Student
Titulo-demo 657,Conteudo-demo 657,conteudo-opcao-demo,true,Demo-Student
Titulo-demo 658,Conteudo-demo 658,conteudo-opcao-demo,true,Demo-Student
Titulo-demo 659,Conteudo-demo 659,conteudo-opcao-demo,true,Demo-Student
Titulo-demo 660,Conteudo-demo 660,conteudo-opcao-demo,true,Demo-Student
Titulo-demo 661,Conteudo-demo 661,conteudo-opcao-demo,true,Demo-Student
Titulo-demo 662,Conteudo-demo 662,conteudo-opcao-demo,true,Demo-Student
Titulo-demo 663,Conteudo-demo 663,conteudo-opcao-demo,true,Demo-Student
Titulo-demo 664,Conteudo-demo 664,conteudo-opcao-demo,true,Demo-Student
Titulo-demo 665,Conteudo-demo 665,conteudo-opcao-demo,true,Demo-Student
Titulo-demo 666,Conteudo-demo 666,conteudo-opcao-demo,true,Demo-Student
Titulo-demo 667,Conteudo-demo 667,conteudo-opcao-demo,true,Demo-Student
Titulo-demo 668,Conteudo-demo 668,conteudo-opcao-demo,true,Demo-Student
Titulo-demo 669,Conteudo-demo 669,conteudo-opcao-demo,true,Demo-Student
Titulo-demo 670,Conteudo-demo 670,conteudo-opcao-demo,true,Demo-Student
Titulo-demo 671,Conteudo-demo 671,conteudo-opcao-demo,true,Demo-Student
Titulo-demo 672,Conteudo-demo 672,conteudo-opcao-demo,true,Demo-Student
Titulo-demo 673,Conteudo-demo 673,conteudo-opcao-demo,true,Demo-Student
Titulo-demo 674,Conteudo-demo 674,conteudo-opcao-demo,true,Demo-Student
Titulo-demo 675,Conteudo-demo 675,conteudo-opcao-demo,true,Demo-Student
Titulo-demo 676,Conteudo-demo 676,conteudo-opcao-demo,true,Demo-Student
Titulo-demo 677,Conteudo-demo 677,conteudo-opcao-demo,true,Demo-Student
Titulo-demo 678,Conteudo-demo 678,conteudo-opcao-demo,true,Demo-Student
Titulo-demo 679,Conteudo-demo 679,conteudo-opcao-demo,true,Demo-Student
Titulo-demo 680,Conteudo-demo 680,conteudo-opcao-demo,true,Demo-Student
Titulo-demo 681,Conteudo-demo 681,conteudo-opcao-demo,true,Demo-Student
Titulo-demo 682,Conteudo-demo 682,conteudo-opcao-demo,true,Demo-Student
Titulo-demo 683,Conteudo-demo 683,conteudo-opcao-demo,true,Demo-Student
Titulo-demo 684,Conteudo-demo 684,conteudo-opcao-demo,true,Demo-Student
Titulo-demo 685,Conteudo-demo 685,conteudo-opcao-demo,true,Demo-Student
Titulo-demo 686,Conteudo-demo 686,conteudo-opcao-demo,true,Demo-Student
Titulo-demo 687,Conteudo-demo 687,conteudo-opcao-demo,true,Demo-Student
Titulo-demo 688,Conteudo-demo 688,conteudo-opcao-demo,true,Demo-Student
Titulo-demo 689,Conteudo-demo 689,conteudo-opcao-demo,true,Demo-Student
Titulo-demo 690,Conteudo-demo 690,conteudo-opcao-demo,true,Demo-Student
Titulo-demo 691,Conteudo-demo 691,conteudo-opcao-demo,true,Demo-Student
Titulo-demo 692,Conteudo-demo 692,conteudo-opcao-demo,true,Demo-Student
Titulo-demo 693,Conteudo-demo 693,conteudo-opcao-demo,true,Demo-Student
Titulo-demo 694,Conteudo-demo 694,conteudo-opcao-demo,true,Demo-Student
Titulo-demo 695,Conteudo-demo 695,conteudo-opcao-demo,true,Demo-Student
Titulo-demo 696,Conteudo-demo 696,conteudo-opcao-demo,true,Demo-Student
Titulo-demo 697,Conteudo-demo 697,conteudo-opcao-demo,true,Demo-Student
Titulo-demo 698,Conteudo-demo 698,conteudo-opcao-demo,true,Demo-Student
Titulo-demo 699,Conteudo-demo 699,conteudo-opcao-demo,true,Demo-Student
Titulo-demo 700,Conteudo-demo 700,conteudo-opcao-demo,true,Demo-Student
Titulo-demo 701,Conteudo-demo 701,conteudo-opcao-demo,true,Demo-Student
Titulo-demo 702,Conteudo-demo 702,conteudo-opcao-demo,true,Demo-Student
Titulo-demo 703,Conteudo-demo 703,conteudo-opcao-demo,true,Demo-Student
Titulo-demo 704,Conteudo-demo 704,conteudo-opcao-demo,true,Demo-Student
Titulo-demo 705,Conteudo-demo 705,conteudo-opcao-demo,true,Demo-Student
Titulo-demo 706,Conteudo-demo 706,conteudo-opcao-demo,true,Demo-Student
Titulo-demo 707,Conteudo-demo 707,conteudo-opcao-demo,true,Demo-Student
Titulo-demo 708,Conteudo-demo 708,conteudo-opcao-demo,true,Demo-Student
Titulo-demo 709,Conteudo-demo 709,conteudo-opcao-demo,true,Demo-Student
Titulo-demo 710,Conteudo-demo 710,conteudo-opcao-demo,true,Demo-Student
Titulo-demo 711,Conteudo-demo 711,conteudo-opcao-demo,true,Demo-Student
Titulo-demo 712,Conteudo-demo 712,conteudo-opcao-demo,true,Demo-Student
Titulo-demo 713,Conteudo-demo 713,conteudo-opcao-demo,true,Demo-Student
Titulo-demo 714,Conteudo-demo 714,conteudo-opcao-demo,true,Demo-Student
Titulo-demo 715,Conteudo-demo 715,conteudo-opcao-demo,true,Demo-Student
Titulo-demo 716,Conteudo-demo 716,conteudo-opcao-demo,true,Demo-Student
Titulo-demo 717,Conteudo-demo 717,conteudo-opcao-demo,true,Demo-Student
Titulo-demo 718,Conteudo-demo 718,conteudo-opcao-demo,true,Demo-Student
Titulo-demo 719,Conteudo-demo 719,conteudo-opcao-demo,true,Demo-Student
Titulo-demo 720,Conteudo-demo 720,conteudo-opcao-demo,true,Demo-Student
Titulo-demo 721,Conteudo-demo 721,conteudo-opcao-demo,true,Demo-Student
Titulo-demo 722,Conteudo-demo 722,conteudo-opcao-demo,true,Demo-Student
Titulo-demo 723,Conteudo-demo 723,conteudo-opcao-demo,true,Demo-Student
Titulo-demo 724,Conteudo-demo 724,conteudo-opcao-demo,true,Demo-Student
Titulo-demo 725,Conteudo-demo 725,conteudo-opcao-demo,true,Demo-Student
Titulo-demo 726,Conteudo-demo 726,conteudo-opcao-demo,true,Demo-Student
Titulo-demo 727,Conteudo-demo 727,conteudo-opcao-demo,true,Demo-Student
Titulo-demo 728,Conteudo-demo 728,conteudo-opcao-demo,true,Demo-Student
Titulo-demo 729,Conteudo-demo 729,conteudo-opcao-demo,true,Demo-Student
Titulo-demo 730,Conteudo-demo 730,conteudo-opcao-demo,true,Demo-Student
Titulo-demo 731,Conteudo-demo 731,conteudo-opcao-demo,true,Demo-Student
Titulo-demo 732,Conteudo-demo 732,conteudo-opcao-demo,true,Demo-Student
Titulo-demo 733,Conteudo-demo 733,conteudo-opcao-demo,true,Demo-Student
Titulo-demo 734,Conteudo-demo 734,conteudo-opcao-demo,true,Demo-Student
Titulo-demo 735,Conteudo-demo 735,conteudo-opcao-demo,true,Demo-Student
Titulo-demo 736,Conteudo-demo 736,conteudo-opcao-demo,true,Demo-Student
Titulo-demo 737,Conteudo-demo 737,conteudo-opcao-demo,true,Demo-Student
Titulo-demo 738,Conteudo-demo 738,conteudo-opcao-demo,true,Demo-Student
Titulo-demo 739,Conteudo-demo 739,conteudo-opcao-demo,true,Demo-Student
Titulo-demo 740,Conteudo-demo 740,conteudo-opcao-demo,true,Demo-Student
Titulo-demo 741,Conteudo-demo 741,conteudo-opcao-demo,true,Demo-Student
Titulo-demo 742,Conteudo-demo 742,conteudo-opcao-demo,true,Demo-Student
Titulo-demo 743,Conteudo-demo 743,conteudo-opcao-demo,true,Demo-Student
Titulo-demo 744,Conteudo-demo 744,conteudo-opcao-demo,true,Demo-Student
Titulo-demo 745,Conteudo-demo 745,conteudo-opcao-demo,true,Demo-Student
Titulo-demo 746,Conteudo-demo 746,conteudo-opcao-demo,true,Demo-Student
Titulo-demo 747,Conteudo-demo 747,conteudo-opcao-demo,true,Demo-Student
Titulo-demo 748,Conteudo-demo 748,conteudo-opcao-demo,true,Demo-Student
Titulo-demo 749,Conteudo-demo 749,conteudo-opcao-demo,true,Demo-Student
Titulo-demo 750,Conteudo-demo 750,conteudo-opcao-demo,true,Demo-Student
Titulo-demo 751,Conteudo-demo 751,conteudo-opcao-demo,true,Demo-Student
Titulo-demo 752,Conteudo-demo 752,conteudo-opcao-demo,true,Demo-Student
Titulo-demo 753,Conteudo-demo 753,conteudo-opcao-demo,true,Demo-Student
Titulo-demo 754,Conteudo-demo 754,conteudo-opcao-demo,true,Demo-Student
Titulo-demo 755,Conteudo-demo 755,conteudo-opcao-demo,true,Demo-Student
Titulo-demo 756,Conteudo-demo 756,conteudo-opcao-demo,true,Demo-Student
Titulo-demo 757,Conteudo-demo 757,conteudo-opcao-demo,true,Demo-Student
Titulo-demo 758,Conteudo-demo 758,conteudo-opcao-demo,true,Demo-Student
Titulo-demo 759,Conteudo-demo 759,conteudo-opcao-demo,true,Demo-Student
Titulo-demo 760,Conteudo-demo 760,conteudo-opcao-demo,true,Demo-Student
Titulo-demo 761,Conteudo-demo 761,conteudo-opcao-demo,true,Demo-Student
Titulo-demo 762,Conteudo-demo 762,conteudo-opcao-demo,true,Demo-Student
Titulo-demo 763,Conteudo-demo 763,conteudo-opcao-demo,true,Demo-Student
Titulo-demo 764,Conteudo-demo 764,conteudo-opcao-demo,true,Demo-Student
Titulo-demo 765,Conteudo-demo 765,conteudo-opcao-demo,true,Demo-Student
Titulo-demo 766,Conteudo-demo 766,conteudo-opcao-demo,true,Demo-Student
Titulo-demo 767,Conteudo-demo 767,conteudo-opcao-demo,true,Demo-Student
Titulo-demo 768,Conteudo-demo 768,conteudo-opcao-demo,true,Demo-Student
Titulo-demo 769,Conteudo-demo 769,conteudo-opcao-demo,true,Demo-Student
Titulo-demo 770,Conteudo-demo 770,conteudo-opcao-demo,true,Demo-Student
Titulo-demo 771,Conteudo-demo 771,conteudo-opcao-demo,true,Demo-Student
Titulo-demo 772,Conteudo-demo 772,conteudo-opcao-demo,true,Demo-Student
Titulo-demo 773,Conteudo-demo 773,conteudo-opcao-demo,true,Demo-Student
Titulo-demo 774,Conteudo-demo 774,conteudo-opcao-demo,true,Demo-Student
Titulo-demo 775,Conteudo-demo 775,conteudo-opcao-demo,true,Demo-Student
Titulo-demo 776,Conteudo-demo 776,conteudo-opcao-demo,true,Demo-Student
Titulo-demo 777,Conteudo-demo 777,conteudo-opcao-demo,true,Demo-Student
Titulo-demo 778,Conteudo-demo 778,conteudo-opcao-demo,true,Demo-Student
Titulo-demo 779,Conteudo-demo 779,conteudo-opcao-demo,true,Demo-Student
Titulo-demo 780,Conteudo-demo 780,conteudo-opcao-demo,true,Demo-Student
Titulo-demo 781,Conteudo-demo 781,conteudo-opcao-demo,true,Demo-Student
Titulo-demo 782,Conteudo-demo 782,conteudo-opcao-demo,true,Demo-Student
Titulo-demo 783,Conteudo-demo 783,conteudo-opcao-demo,true,Demo-Student
Titulo-demo 784,Conteudo-demo 784,conteudo-opcao-demo,true,Demo-Student
Titulo-demo 785,Conteudo-demo 785,conteudo-opcao-demo,true,Demo-Student
Titulo-demo 786,Conteudo-demo 786,conteudo-opcao-demo,true,Demo-Student
Titulo-demo 787,Conteudo-demo 787,conteudo-opcao-demo,true,Demo-Student
Titulo-demo 788,Conteudo-demo 788,conteudo-opcao-demo,true,Demo-Student
Titulo-demo 789,Conteudo-demo 789,conteudo-opcao-demo,true,Demo-Student
Titulo-demo 790,Conteudo-demo 790,conteudo-opcao-demo,true,Demo-Student
Titulo-demo 791,Conteudo-demo 791,conteudo-opcao-demo,true,Demo-Student
Titulo-demo 792,Conteudo-demo 792,conteudo-opcao-demo,true,Demo-Student
Titulo-demo 793,Conteudo-demo 793,conteudo-opcao-demo,true,Demo-Student
Titulo-demo 794,Conteudo-demo 794,conteudo-opcao-demo,true,Demo-Student
Titulo-demo 795,Conteudo-demo 795,conteudo-opcao-demo,true,Demo-Student
Titulo-demo 796,Conteudo-demo 796,conteudo-opcao-demo,true,Demo-Student
Titulo-demo 797,Conteudo-demo 797,conteudo-opcao-demo,true,Demo-Student
Titulo-demo 798,Conteudo-demo 798,conteudo-opcao-demo,true,Demo-Student
Titulo-demo 799,Conteudo-demo 799,conteudo-opcao-demo,true,Demo-Student
Titulo-demo 800,Conteudo-demo 800,conteudo-opcao-demo,true,Demo-Student
Titulo-demo 801,Conteudo-demo 801,conteudo-opcao-demo,true,Demo-Student
Titulo-demo 802,Conteudo-demo 802,conteudo-opcao-demo,true,Demo-Student
Titulo-demo 803,Conteudo-demo 803,conteudo-opcao-demo,true,Demo-Student
Titulo-demo 804,Conteudo-demo 804,conteudo-opcao-demo,true,Demo-Student
Titulo-demo 805,Conteudo-demo 805,conteudo-opcao-demo,true,Demo-Student
Titulo-demo 806,Conteudo-demo 806,conteudo-opcao-demo,true,Demo-Student
Titulo-demo 807,Conteudo-demo 807,conteudo-opcao-demo,true,Demo-Student
Titulo-demo 808,Conteudo-demo 808,conteudo-opcao-demo,true,Demo-Student
Titulo-demo 809,Conteudo-demo 809,conteudo-opcao-demo,true,Demo-Student
Titulo-demo 810,Conteudo-demo 810,conteudo-opcao-demo,true,Demo-Student
Titulo-demo 811,Conteudo-demo 811,conteudo-opcao-demo,true,Demo-Student
Titulo-demo 812,Conteudo-demo 812,conteudo-opcao-demo,true,Demo-Student
Titulo-demo 813,Conteudo-demo 813,conteudo-opcao-demo,true,Demo-Student
Titulo-demo 814,Conteudo-demo 814,conteudo-opcao-demo,true,Demo-Student
Titulo-demo 815,Conteudo-demo 815,conteudo-opcao-demo,true,Demo-Student
Titulo-demo 816,Conteudo-demo 816,conteudo-opcao-demo,true,Demo-Student
Titulo-demo 817,Conteudo-demo 817,conteudo-opcao-demo,true,Demo-Student
Titulo-demo 818,Conteudo-demo 818,conteudo-opcao-demo,true,Demo-Student
Titulo-demo 819,Conteudo-demo 819,conteudo-opcao-demo,true,Demo-Student
Titulo-demo 820,Conteudo-demo 820,conteudo-opcao-demo,true,Demo-Student
Titulo-demo 821,Conteudo-demo 821,conteudo-opcao-demo,true,Demo-Student
Titulo-demo 822,Conteudo-demo 822,conteudo-opcao-demo,true,Demo-Student
Titulo-demo 823,Conteudo-demo 823,conteudo-opcao-demo,true,Demo-Student
Titulo-demo 824,Conteudo-demo 824,conteudo-opcao-demo,true,Demo-Student
Titulo-demo 825,Conteudo-demo 825,conteudo-opcao-demo,true,Demo-Student
Titulo-demo 826,Conteudo-demo 826,conteudo-opcao-demo,true,Demo-Student
Titulo-demo 827,Conteudo-demo 827,conteudo-opcao-demo,true,Demo-Student
Titulo-demo 828,Conteudo-demo 828,conteudo-opcao-demo,true,Demo-Student
Titulo-demo 829,Conteudo-demo 829,conteudo-opcao-demo,true,Demo-Student
Titulo-demo 830,Conteudo-demo 830,conteudo-opcao-demo,true,Demo-Student
Titulo-demo 831,Conteudo-demo 831,conteudo-opcao-demo,true,Demo-Student
Titulo-demo 832,Conteudo-demo 832,conteudo-opcao-demo,true,Demo-Student
Titulo-demo 833,Conteudo-demo 833,conteudo-opcao-demo,true,Demo-Student
Titulo-demo 834,Conteudo-demo 834,conteudo-opcao-demo,true,Demo-Student
Titulo-demo 835,Conteudo-demo 835,conteudo-opcao-demo,true,Demo-Student
Titulo-demo 836,Conteudo-demo 836,conteudo-opcao-demo,true,Demo-Student
Titulo-demo 837,Conteudo-demo 837,conteudo-opcao-demo,true,Demo-Student
Titulo-demo 838,Conteudo-demo 838,conteudo-opcao-demo,true,Demo-Student
Titulo-demo 839,Conteudo-demo 839,conteudo-opcao-demo,true,Demo-Student
Titulo-demo 840,Conteudo-demo 840,conteudo-opcao-demo,true,Demo-Student
Titulo-demo 841,Conteudo-demo 841,conteudo-opcao-demo,true,Demo-Student
Titulo-demo 842,Conteudo-demo 842,conteudo-opcao-demo,true,Demo-Student
Titulo-demo 843,Conteudo-demo 843,conteudo-opcao-demo,true,Demo-Student
Titulo-demo 844,Conteudo-demo 844,conteudo-opcao-demo,true,Demo-Student
Titulo-demo 845,Conteudo-demo 845,conteudo-opcao-demo,true,Demo-Student
Titulo-demo 846,Conteudo-demo 846,conteudo-opcao-demo,true,Demo-Student
Titulo-demo 847,Conteudo-demo 847,conteudo-opcao-demo,true,Demo-Student
Titulo-demo 848,Conteudo-demo 848,conteudo-opcao-demo,true,Demo-Student
Titulo-demo 849,Conteudo-demo 849,conteudo-opcao-demo,true,Demo-Student
Titulo-demo 850,Conteudo-demo 850,conteudo-opcao-demo,true,Demo-Student
Titulo-demo 851,Conteudo-demo 851,conteudo-opcao-demo,true,Demo-Student
Titulo-demo 852,Conteudo-demo 852,conteudo-opcao-demo,true,Demo-Student
Titulo-demo 853,Conteudo-demo 853,conteudo-opcao-demo,true,Demo-Student
Titulo-demo 854,Conteudo-demo 854,conteudo-opcao-demo,true,Demo-Student
Titulo-demo 855,Conteudo-demo 855,conteudo-opcao-demo,true,Demo-Student
Titulo-demo 856,Conteudo-demo 856,conteudo-opcao-demo,true,Demo-Student
Titulo-demo 857,Conteudo-demo 857,conteudo-opcao-demo,true,Demo-Student
Titulo-demo 858,Conteudo-demo 858,conteudo-opcao-demo,true,Demo-Student
Titulo-demo 859,Conteudo-demo 859,conteudo-opcao-demo,true,Demo-Student
Titulo-demo 860,Conteudo-demo 860,conteudo-opcao-demo,true,Demo-Student
Titulo-demo 861,Conteudo-demo 861,conteudo-opcao-demo,true,Demo-Student
Titulo-demo 862,Conteudo-demo 862,conteudo-opcao-demo,true,Demo-Student
Titulo-demo 863,Conteudo-demo 863,conteudo-opcao-demo,true,Demo-Student
Titulo-demo 864,Conteudo-demo 864,conteudo-opcao-demo,true,Demo-Student
Titulo-demo 865,Conteudo-demo 865,conteudo-opcao-demo,true,Demo-Student
Titulo-demo 866,Conteudo-demo 866,conteudo-opcao-demo,true,Demo-Student
Titulo-demo 867,Conteudo-demo 867,conteudo-opcao-demo,true,Demo-Student
Titulo-demo 868,Conteudo-demo 868,conteudo-opcao-demo,true,Demo-Student
Titulo-demo 869,Conteudo-demo 869,conteudo-opcao-demo,true,Demo-Student
Titulo-demo 870,Conteudo-demo 870,conteudo-opcao-demo,true,Demo-Student
Titulo-demo 871,Conteudo-demo 871,conteudo-opcao-demo,true,Demo-Student
Titulo-demo 872,Conteudo-demo 872,conteudo-opcao-demo,true,Demo-Student
Titulo-demo 873,Conteudo-demo 873,conteudo-opcao-demo,true,Demo-Student
Titulo-demo 874,Conteudo-demo 874,conteudo-opcao-demo,true,Demo-Student
Titulo-demo 875,Conteudo-demo 875,conteudo-opcao-demo,true,Demo-Student
Titulo-demo 876,Conteudo-demo 876,conteudo-opcao-demo,true,Demo-Student
Titulo-demo 877,Conteudo-demo 877,conteudo-opcao-demo,true,Demo-Student
Titulo-demo 878,Conteudo-demo 878,conteudo-opcao-demo,true,Demo-Student
Titulo-demo 879,Conteudo-demo 879,conteudo-opcao-demo,true,Demo-Student
Titulo-demo 880,Conteudo-demo 880,conteudo-opcao-demo,true,Demo-Student
Titulo-demo 881,Conteudo-demo 881,conteudo-opcao-demo,true,Demo-Student
Titulo-demo 882,Conteudo-demo 882,conteudo-opcao-demo,true,Demo-Student
Titulo-demo 883,Conteudo-demo 883,conteudo-opcao-demo,true,Demo-Student
Titulo-demo 884,Conteudo-demo 884,conteudo-opcao-demo,true,Demo-Student
Titulo-demo 885,Conteudo-demo 885,conteudo-opcao-demo,true,Demo-Student
Titulo-demo 886,Conteudo-demo 886,conteudo-opcao-demo,true,Demo-Student
Titulo-demo 887,Conteudo-demo 887,conteudo-opcao-demo,true,Demo-Student
Titulo-demo 888,Conteudo-demo 888,conteudo-opcao-demo,true,Demo-Student
Titulo-demo 889,Conteudo-demo 889,conteudo-opcao-demo,true,Demo-Student
Titulo-demo 890,Conteudo-demo 890,conteudo-opcao-demo,true,Demo-Student
Titulo-demo 891,Conteudo-demo 891,conteudo-opcao-demo,true,Demo-Student
Titulo-demo 892,Conteudo-demo 892,conteudo-opcao-demo,true,Demo-Student
Titulo-demo 893,Conteudo-demo 893,conteudo-opcao-demo,true,Demo-Student
Titulo-demo 894,Conteudo-demo 894,conteudo-opcao-demo,true,Demo-Student
Titulo-demo 895,Conteudo-demo 895,conteudo-opcao-demo,true,Demo-Student
Titulo-demo 896,Conteudo-demo 896,conteudo-opcao-demo,true,Demo-Student
Titulo-demo 897,Conteudo-demo 897,conteudo-opcao-demo,true,Demo-Student
Titulo-demo 898,Conteudo-demo 898,conteudo-opcao-demo,true,Demo-Student
Titulo-demo 899,Conteudo-demo 899,conteudo-opcao-demo,true,Demo-Student
Titulo-demo 900,Conteudo-demo 900,conteudo-opcao-demo,true,Demo-Student
Titulo-demo 901,Conteudo-demo 901,conteudo-opcao-demo,true,Demo-Student
Titulo-demo 902,Conteudo-demo 902,conteudo-opcao-demo,true,Demo-Student
Titulo-demo 903,Conteudo-demo 903,conteudo-opcao-demo,true,Demo-Student
Titulo-demo 904,Conteudo-demo 904,conteudo-opcao-demo,true,Demo-Student
Titulo-demo 905,Conteudo-demo 905,conteudo-opcao-demo,true,Demo-Student
Titulo-demo 906,Conteudo-demo 906,conteudo-opcao-demo,true,Demo-Student
Titulo-demo 907,Conteudo-demo 907,conteudo-opcao-demo,true,Demo-Student
Titulo-demo 908,Conteudo-demo 908,conteudo-opcao-demo,true,Demo-Student
Titulo-demo 909,Conteudo-demo 909,conteudo-opcao-demo,true,Demo-Student
Titulo-demo 910,Conteudo-demo 910,conteudo-opcao-demo,true,Demo-Student
Titulo-demo 911,Conteudo-demo 911,conteudo-opcao-demo,true,Demo-Student
Titulo-demo 912,Conteudo-demo 912,conteudo-opcao-demo,true,Demo-Student
Titulo-demo 913,Conteudo-demo 913,conteudo-opcao-demo,true,Demo-Student
Titulo-demo 914,Conteudo-demo 914,conteudo-opcao-demo,true,Demo-Student
Titulo-demo 915,Conteudo-demo 915,conteudo-opcao-demo,true,Demo-Student
Titulo-demo 916,Conteudo-demo 916,conteudo-opcao-demo,true,Demo-Student
Titulo-demo 917,Conteudo-demo 917,conteudo-opcao-demo,true,Demo-Student
Titulo-demo 918,Conteudo-demo 918,conteudo-opcao-demo,true,Demo-Student
Titulo-demo 919,Conteudo-demo 919,conteudo-opcao-demo,true,Demo-Student
Titulo-demo 920,Conteudo-demo 920,conteudo-opcao-demo,true,Demo-Student
Titulo-demo 921,Conteudo-demo 921,conteudo-opcao-demo,true,Demo-Student
Titulo-demo 922,Conteudo-demo 922,conteudo-opcao-demo,true,Demo-Student
Titulo-demo 923,Conteudo-demo 923,conteudo-opcao-demo,true,Demo-Student
Titulo-demo 924,Conteudo-demo 924,conteudo-opcao-demo,true,Demo-Student
Titulo-demo 925,Conteudo-demo 925,conteudo-opcao-demo,true,Demo-Student
Titulo-demo 926,Conteudo-demo 926,conteudo-opcao-demo,true,Demo-Student
Titulo-demo 927,Conteudo-demo 927,conteudo-opcao-demo,true,Demo-Student
Titulo-demo 928,Conteudo-demo 928,conteudo-opcao-demo,true,Demo-Student
Titulo-demo 929,Conteudo-demo 929,conteudo-opcao-demo,true,Demo-Student
Titulo-demo 930,Conteudo-demo 930,conteudo-opcao-demo,true,Demo-Student
Titulo-demo 931,Conteudo-demo 931,conteudo-opcao-demo,true,Demo-Student
Titulo-demo 932,Conteudo-demo 932,conteudo-opcao-demo,true,Demo-Student
Titulo-demo 933,Conteudo-demo 933,conteudo-opcao-demo,true,Demo-Student
Titulo-demo 934,Conteudo-demo 934,conteudo-opcao-demo,true,Demo-Student
Titulo-demo 935,Conteudo-demo 935,conteudo-opcao-demo,true,Demo-Student
Titulo-demo 936,Conteudo-demo 936,conteudo-opcao-demo,true,Demo-Student
Titulo-demo 937,Conteudo-demo 937,conteudo-opcao-demo,true,Demo-Student
Titulo-demo 938,Conteudo-demo 938,conteudo-opcao-demo,true,Demo-Student
Titulo-demo 939,Conteudo-demo 939,conteudo-opcao-demo,true,Demo-Student
Titulo-demo 940,Conteudo-demo 940,conteudo-opcao-demo,true,Demo-Student
Titulo-demo 941,Conteudo-demo 941,conteudo-opcao-demo,true,Demo-Student
Titulo-demo 942,Conteudo-demo 942,conteudo-opcao-demo,true,Demo-Student
Titulo-demo 943,Conteudo-demo 943,conteudo-opcao-demo,true,Demo-Student
Titulo-demo 944,Conteudo-demo 944,conteudo-opcao-demo,true,Demo-Student
Titulo-demo 945,Conteudo-demo 945,conteudo-opcao-demo,true,Demo-Student
Titulo-demo 946,Conteudo-demo 946,conteudo-opcao-demo,true,Demo-Student
Titulo-demo 947,Conteudo-demo 947,conteudo-opcao-demo,true,Demo-Student
Titulo-demo 948,Conteudo-demo 948,conteudo-opcao-demo,true,Demo-Student
Titulo-demo 949,Conteudo-demo 949,conteudo-opcao-demo,true,Demo-Student
Titulo-demo 950,Conteudo-demo 950,conteudo-opcao-demo,true,Demo-Student
Titulo-demo 951,Conteudo-demo 951,conteudo-opcao-demo,true,Demo-Student
Titulo-demo 952,Conteudo-demo 952,conteudo-opcao-demo,true,Demo-Student
Titulo-demo 953,Conteudo-demo 953,conteudo-opcao-demo,true,Demo-Student
Titulo-demo 954,Conteudo-demo 954,conteudo-opcao-demo,true,Demo-Student
Titulo-demo 955,Conteudo-demo 955,conteudo-opcao-demo,true,Demo-Student
Titulo-demo 956,Conteudo-demo 956,conteudo-opcao-demo,true,Demo-Student
Titulo-demo 957,Conteudo-demo 957,conteudo-opcao-demo,true,Demo-Student
Titulo-demo 958,Conteudo-demo 958,conteudo-opcao-demo,true,Demo-Student
Titulo-demo 959,Conteudo-demo 959,conteudo-opcao-demo,true,Demo-Student
Titulo-demo 960,Conteudo-demo 960,conteudo-opcao-demo,true,Demo-Student
Titulo-demo 961,Conteudo-demo 961,conteudo-opcao-demo,true,Demo-Student
Titulo-demo 962,Conteudo-demo 962,conteudo-opcao-demo,true,Demo-Student
Titulo-demo 963,Conteudo-demo 963,conteudo-opcao-demo,true,Demo-Student
Titulo-demo 964,Conteudo-demo 964,conteudo-opcao-demo,true,Demo-Student
Titulo-demo 965,Conteudo-demo 965,conteudo-opcao-demo,true,Demo-Student
Titulo-demo 966,Conteudo-demo 966,conteudo-opcao-demo,true,Demo-Student
Titulo-demo 967,Conteudo-demo 967,conteudo-opcao-demo,true,Demo-Student
Titulo-demo 968,Conteudo-demo 968,conteudo-opcao-demo,true,Demo-Student
Titulo-demo 969,Conteudo-demo 969,conteudo-opcao-demo,true,Demo-Student
Titulo-demo 970,Conteudo-demo 970,conteudo-opcao-demo,true,Demo-Student
Titulo-demo 971,Conteudo-demo 971,conteudo-opcao-demo,true,Demo-Student
Titulo-demo 972,Conteudo-demo 972,conteudo-opcao-demo,true,Demo-Student
Titulo-demo 973,Conteudo-demo 973,conteudo-opcao-demo,true,Demo-Student
Titulo-demo 974,Conteudo-demo 974,conteudo-opcao-demo,true,Demo-Student
Titulo-demo 975,Conteudo-demo 975,conteudo-opcao-demo,true,Demo-Student
Titulo-demo 976,Conteudo-demo 976,conteudo-opcao-demo,true,Demo-Student
Titulo-demo 977,Conteudo-demo 977,conteudo-opcao-demo,true,Demo-Student
Titulo-demo 978,Conteudo-demo 978,conteudo-opcao-demo,true,Demo-Student
Titulo-demo 979,Conteudo-demo 979,conteudo-opcao-demo,true,Demo-Student
Titulo-demo 980,Conteudo-demo 980,conteudo-opcao-demo,true,Demo-Student
Titulo-demo 981,Conteudo-demo 981,conteudo-opcao-demo,true,Demo-Student
Titulo-demo 982,Conteudo-demo 982,conteudo-opcao-demo,true,Demo-Student
Titulo-demo 983,Conteudo-demo 983,conteudo-opcao-demo,true,Demo-Student
Titulo-demo 984,Conteudo-demo 984,conteudo-opcao-demo,true,Demo-Student
Titulo-demo 985,Conteudo-demo 985,conteudo-opcao-demo,true,Demo-Student
Titulo-demo 986,Conteudo-demo 986,conteudo-opcao-demo,true,Demo-Student
Titulo-demo 987,Conteudo-demo 987,conteudo-opcao-demo,true,Demo-Student
Titulo-demo 988,Conteudo-demo 988,conteudo-opcao-demo,true,Demo-Student
Titulo-demo 989,Conteudo-demo 989,conteudo-opcao-demo,true,Demo-Student
Titulo-demo 990,Conteudo-demo 990,conteudo-opcao-demo,true,Demo-Student
Titulo-demo 991,Conteudo-demo 991,conteudo-opcao-demo,true,Demo-Student
Titulo-demo 992,Conteudo-demo 992,conteudo-opcao-demo,true,Demo-Student
Titulo-demo 993,Conteudo-demo 993,conteudo-opcao-demo,true,Demo-Student
Titulo-demo 994,Conteudo-demo 994,conteudo-opcao-demo,true,Demo-Student
Titulo-demo 995,Conteudo-demo 995,conteudo-opcao-demo,true,Demo-Student
Titulo-demo 996,Conteudo-demo 996,conteudo-opcao-demo,true,Demo-Student
Titulo-demo 997,Conteudo-demo 997,conteudo-opcao-demo,true,Demo-Student
Titulo-demo 998,Conteudo-demo 998,conteudo-opcao-demo,true,Demo-Student
Titulo-demo 999,Conteudo-demo 999,conteudo-opcao-demo,true,Demo-Student
Titulo-demo 1000,Conteudo-demo 1000,conteudo-opcao-demo,true,Demo-Student
